{
    "intercept": -3.0048687459746,
    "coefficients": {
        "age": 0.050339855260878856,
        "sex": 1.269847344513246,
        "trestbps": 0.003376335878528088,
        "chol": -0.00422497962486142
    }
}