{
    "intercept": -6.564879870691768,
    "coefficients": {
        "totChol": 7.661427173228108e-05,
        "sysBP": 0.01301847578252054,
        "glucose": 0.006009896745640285,
        "age": 0.050479900253999954
    }
}