{
    "intercept": -1.0751925150323491,
    "coefficients": {
        "age": 0.007803356984077821,
        "work_stress": 0.011761513551175284,
        "sleep_hours": -0.14885192669620215,
        "family_support": -0.03186700299543359
    }
}